{
  "ts": "2026-05-09T19:50:13+0800",
  "torch": "2.4.1+cu124",
  "cuda_avail": true,
  "gpu": "NVIDIA A800 80GB PCIe",
  "vram_total_gb": 85.1,
  "probe_b_pssa": {
    "device": "cuda",
    "loss": 1.5069299936294556,
    "loss_action": 1.2974822521209717,
    "loss_xtc": 0.20944777131080627
  },
  "probe_a_openvla": {
    "model_id": "openvla/openvla-7b",
    "device": "cuda",
    "load_s": 15.137219905853271,
    "rollouts": [
      {
        "rollout": 0,
        "wall_s": 1.6263840198516846,
        "step_ms_avg": 305.9834957122803,
        "step_ms_p50": 188.28487396240234,
        "step_ms_p95": 659.3015670776366,
        "steps": 5,
        "last_action": [
          0.003146326296469725,
          0.04069337469514669,
          0.010671417789862431,
          0.004969873022799262,
          0.01060710217496924,
          0.08374678849355835,
          0.996078431372549
        ],
        "peak_vram_gb": 15.4491776
      },
      {
        "rollout": 1,
        "wall_s": 0.9685614109039307,
        "step_ms_avg": 190.43431282043457,
        "step_ms_p50": 188.53449821472168,
        "step_ms_p95": 195.20411491394043,
        "steps": 5,
        "last_action": [
          0.003146326296469725,
          -0.005928039461374324,
          0.009372291409355745,
          -0.046756259513836336,
          -0.08250409211656626,
          -0.05809144199478866,
          0.996078431372549
        ],
        "peak_vram_gb": 15.4491776
      },
      {
        "rollout": 2,
        "wall_s": 1.150132179260254,
        "step_ms_avg": 188.22283744812012,
        "step_ms_p50": 188.493013381958,
        "step_ms_p95": 189.16072845458984,
        "steps": 5,
        "last_action": [
          0.003146326296469725,
          0.04069337469514669,
          -0.005957399880623118,
          -0.0014160692656742802,
          0.01060710217496924,
          0.007992279028191218,
          0.996078431372549
        ],
        "peak_vram_gb": 15.4491776
      }
    ]
  }
}
